{"cameraMode":{"drawMode":0,"name":"Shaded","section":"Shading Mode"},"sceneLighting":true,"audioPlay":false,"sceneViewState":{"m_AlwaysRefresh":false,"showFog":true,"showSkybox":true,"showFlares":true,"showImageEffects":true,"showParticleSystems":true,"showVisualEffectGraphs":true,"m_FxEnabled":true},"in2DMode":false,"pivot":{"x":19.578041076660158,"y":20.991687774658204,"z":29.42439079284668},"rotation":{"x":-0.03023599460721016,"y":-0.7085892558097839,"z":0.030412383377552034,"w":-0.7043364644050598},"size":31.495635986328126,"orthographic":false}