{"cameraMode":{"drawMode":0,"name":"Shaded","section":"Shading Mode"},"sceneLighting":true,"audioPlay":false,"sceneViewState":{"m_AlwaysRefresh":false,"showFog":true,"showSkybox":true,"showFlares":true,"showImageEffects":true,"showParticleSystems":true,"showVisualEffectGraphs":true,"m_FxEnabled":true},"in2DMode":false,"pivot":{"x":-5.981884002685547,"y":0.7361860871315002,"z":29.144817352294923},"rotation":{"x":0.0036051778588443996,"y":-0.7436387538909912,"z":0.004017270170152187,"w":0.6685775518417358},"size":27.758481979370118,"orthographic":false}