{"cameraMode":{"drawMode":0,"name":"Shaded","section":"Shading Mode"},"sceneLighting":true,"audioPlay":false,"sceneViewState":{"m_AlwaysRefresh":false,"showFog":true,"showSkybox":true,"showFlares":true,"showImageEffects":true,"showParticleSystems":true,"showVisualEffectGraphs":true,"m_FxEnabled":true},"in2DMode":false,"pivot":{"x":0.6907291412353516,"y":2.9728200435638429,"z":23.209562301635743},"rotation":{"x":-0.03023599460721016,"y":-0.7085892558097839,"z":0.030412383377552034,"w":-0.7043364644050598},"size":12.114861488342286,"orthographic":false}