{"cameraMode":{"drawMode":0,"name":"Shaded","section":"Shading Mode"},"sceneLighting":false,"audioPlay":false,"sceneViewState":{"m_AlwaysRefresh":false,"showFog":true,"showSkybox":false,"showFlares":true,"showImageEffects":true,"showParticleSystems":true,"showVisualEffectGraphs":true,"m_FxEnabled":true},"in2DMode":false,"pivot":{"x":-2.6697793006896974,"y":2.1500000953674318,"z":-3.7994258403778078},"rotation":{"x":-0.04489469528198242,"y":0.06319013237953186,"z":-0.002845376031473279,"w":-0.9969878792762756},"size":2.479344606399536,"orthographic":false}